{
  "coc.preferences.formatOnSaveFiletypes": [
    "css",
    "markdown",
    "javascript",
    "graphql",
    "html",
    "yaml",
    "json"
  ],
  "snippets.ultisnips.directories": [
    "UltiSnips",
    "~/.config/nvim/utils/snips"
  ],
  "java.home": "/usr/lib/jvm/java-15-openjdk/",
  "languageserver": {
    "dockerfile": {
      "command": "docker-langserver",
      "filetypes": [
        "dockerfile"
      ],
      "args": [
        "--stdio"
      ]
    }
  },
  "explorer.icon.enableVimDevicons": true,
  "clangd.path": "/home/antonio/.config/coc/extensions/coc-clangd-data/install/11.0.0/clangd_11.0.0/bin/clangd"
}
