<?xml version="1.0" encoding="UTF-8"?>

<openbox_config xmlns="http://openbox.org/3.4/rc" xmlns:xi="http://www.w3.org/2001/XInclude">
  <resistance>
    <strength>10</strength>
    <screen_edge_strength>20</screen_edge_strength>
  </resistance>

  <focus>
    <focusNew>yes</focusNew>
    <followMouse>yes</followMouse>
    <focusLast>yes</focusLast>
    <underMouse>no</underMouse>
    <focusDelay>200</focusDelay>
    <raiseOnFocus>no</raiseOnFocus>
  </focus>

  <placement>
    <policy>UnderMouse</policy>
    <center>yes</center>
    <monitor>Mouse</monitor>
    <primaryMonitor>Mouse</primaryMonitor>
  </placement>

  <theme>
    <name>Arc-Dark</name>
    <titleLayout>NLIMC</titleLayout>
    <keepBorder>yes</keepBorder>
    <animateIconify>yes</animateIconify>
    <font place="ActiveWindow">
      <name>UbuntuMono Nerd Font</name>
      <size>10</size>
      <weight>Bold</weight>
      <slant>Normal</slant>
    </font>

    <font place="InactiveWindow">
      <name>UbuntuMono Nerd Font</name>
      <size>11</size>
      <weight>Bold</weight>
      <slant>Italic</slant>
    </font>

    <font place="MenuHeader">
      <name>UbuntuMono Nerd Font</name>
      <size>11</size>
      <weight>Bold</weight>
      <slant>Normal</slant>
    </font>

    <font place="MenuItem">
      <name>UbuntuMono Nerd Font Mono</name>
      <size>11</size>
      <weight>Normal</weight>
      <slant>Normal</slant>
    </font>

    <font place="ActiveOnScreenDisplay">
      <name>sans</name>
      <size>10</size>
      <weight>Bold</weight>
      <slant>Normal</slant>
    </font>

    <font place="InactiveOnScreenDisplay">
      <name>Sans</name>
      <size>10</size>
      <weight>Bold</weight>
      <slant>Italic</slant>
    </font>
  </theme>

  <desktops>
    <number>9</number>
    <firstdesk>1</firstdesk>
    <names>
      <name>WWW</name>
      <name>DEV</name>
      <name>TERM</name>
      <name>REF</name>
      <name>SYS</name>
      <name>FS</name>
      <name>IMG</name>
      <name>VID</name>
      <name>MISC</name>
    </names>
    <popupTime>500</popupTime>
  </desktops>

  <resize>
    <drawContents>yes</drawContents>
    <popupShow>Nonpixel</popupShow>
    <popupPosition>Center</popupPosition>
    <popupFixedPosition>
      <x>10</x>
      <y>10</y>
    </popupFixedPosition>
  </resize>

  <margins>
    <top>0</top>
    <bottom>0</bottom>
    <left>0</left>
    <right>0</right>
  </margins>

  <dock>
    <position>TopLeft</position>
    <floatingX>0</floatingX>
    <floatingY>0</floatingY>
    <noStrut>no</noStrut>
    <stacking>Above</stacking>
    <direction>Vertical</direction>
    <autoHide>no</autoHide>
    <hideDelay>300</hideDelay>
    <showDelay>300</showDelay>
    <moveButton>Middle</moveButton>
  </dock>

  <keyboard>
    <chainQuitKey>C-g</chainQuitKey>
    <!-- Switch Workspaces -->
    <keybind key="W-1">
      <action name="GoToDesktop">
        <to>1</to>
      </action>
    </keybind>
    <keybind key="W-2">
      <action name="GoToDesktop">
        <to>2</to>
      </action>
    </keybind>
    <keybind key="W-3">
      <action name="GoToDesktop">
        <to>3</to>
      </action>
    </keybind>
    <keybind key="W-4">
      <action name="GoToDesktop">
        <to>4</to>
      </action>
    </keybind>
    <keybind key="W-5">
      <action name="GoToDesktop">
        <to>5</to>
      </action>
    </keybind>
    <keybind key="W-6">
      <action name="GoToDesktop">
        <to>6</to>
      </action>
    </keybind>
    <keybind key="W-7">
      <action name="GoToDesktop">
        <to>7</to>
      </action>
    </keybind>
    <keybind key="W-8">
      <action name="GoToDesktop">
        <to>8</to>
      </action>
    </keybind>
    <keybind key="W-9">
      <action name="GoToDesktop">
        <to>9</to>
      </action>
    </keybind>

    <!-- Send Window to Workspace N -->
    <keybind key="W-S-1">
      <action name="SendToDesktop">
        <to>1</to>
        <wrap>no</wrap>
      </action>
    </keybind>
    <keybind key="W-S-2">
      <action name="SendToDesktop">
        <to>2</to>
        <wrap>no</wrap>
      </action>
    </keybind>
    <keybind key="W-S-3">
      <action name="SendToDesktop">
        <to>3</to>
        <wrap>no</wrap>
      </action>
    </keybind>
    <keybind key="W-S-4">
      <action name="SendToDesktop">
        <to>4</to>
        <wrap>no</wrap>
      </action>
    </keybind>
    <keybind key="W-S-5">
      <action name="SendToDesktop">
        <to>5</to>
        <wrap>no</wrap>
      </action>
    </keybind>
    <keybind key="W-S-6">
      <action name="SendToDesktop">
        <to>6</to>
        <wrap>no</wrap>
      </action>
    </keybind>
    <keybind key="W-S-7">
      <action name="SendToDesktop">
        <to>7</to>
        <wrap>no</wrap>
      </action>
    </keybind>
    <keybind key="W-S-8">
      <action name="SendToDesktop">
        <to>8</to>
        <wrap>no</wrap>
      </action>
    </keybind>
    <keybind key="W-S-9">
      <action name="SendToDesktop">
        <to>9</to>
        <wrap>no</wrap>
      </action>
    </keybind>

    <!-- Close Window -->
    <keybind key="W-w">
      <action name="Close"/>
    </keybind>

    <!-- Keybindings for window switching -->
    <keybind key="W-j">
      <action name="NextWindow">
        <finalactions>
          <action name="Focus"/>
          <action name="Raise"/>
          <action name="Unshade"/>
        </finalactions>
      </action>
    </keybind>
    <keybind key="W-k">
      <action name="PreviousWindow">
        <finalactions>
          <action name="Focus"/>
          <action name="Raise"/>
          <action name="Unshade"/>
        </finalactions>
      </action>
    </keybind>

    <!-- Keybindings for window tiling -->
    <!-- Full Screen -->
    <keybind key="W-Up">
      <action name="Maximize"/>
    </keybind>
    <!-- MiddleScreen -->
    <keybind key="W-Down">
      <action name="UnmaximizeFull"/>
      <action name="MoveResizeTo">
        <x>center</x>
        <y>center</y>
        <height>50%</height>
        <width>50%</width>
      </action>
    </keybind>
    <!-- HalfLeftScreen -->
    <keybind key="W-Left">
      <action name="UnmaximizeFull"/>
      <action name="MoveResizeTo">
        <x>0</x>
        <y>0</y>
        <height>100%</height>
        <width>50%</width>
      </action>
    </keybind>
    <!-- HalfRightScreen -->
    <keybind key="W-Right">
      <action name="UnmaximizeFull"/>
      <action name="MoveResizeTo">
        <x>-0</x>
        <y>0</y>
        <height>100%</height>
        <width>50%</width>
      </action>
    </keybind>
    <!-- UpperQuarterLeft -->
    <keybind key="C-W-Up">
      <action name="UnmaximizeFull"/>
      <action name="MoveResizeTo">
        <x>0</x>
        <y>0</y>
        <height>50%</height>
        <width>50%</width>
      </action>
    </keybind>
    <!-- LowerQuarterLeft -->
    <keybind key="C-W-Left">
      <action name="UnmaximizeFull"/>
      <action name="MoveResizeTo">
        <x>0</x>
        <y>-0</y>
        <height>50%</height>
        <width>50%</width>
      </action>
    </keybind>
    <!-- LowerQuarterRight -->
    <keybind key="C-W-Down">
      <action name="UnmaximizeFull"/>
      <action name="MoveResizeTo">
        <x>-0</x>
        <y>-0</y>
        <height>50%</height>
        <width>50%</width>
      </action>
    </keybind>
    <!-- UpperQuarterRight -->
    <keybind key="C-W-Right">
      <action name="UnmaximizeFull"/>
      <action name="MoveResizeTo">
        <x>-0</x>
        <y>0</y>
        <height>50%</height>
        <width>50%</width>
      </action>
    </keybind>

    <!-- Keybindings for running applications -->
    <!-- Menu  -->
    <keybind key="W-m">
      <action name="Execute">
        <startupnotify>
          <enabled>true</enabled>
          <name>Rofi</name>
        </startupnotify>
        <command>rofi -show drun</command>
      </action>
    </keybind>
    <keybind key="W-S-m">
      <action name="Execute">
        <startupnotify>
          <enabled>true</enabled>
          <name>Rofi Nav</name>
        </startupnotify>
        <command>rofi -show</command>
      </action>
    </keybind>
    <!-- Browser -->
    <keybind key="W-b">
      <action name="Execute">
        <startupnotify>
          <enabled>true</enabled>
          <name>Browser</name>
        </startupnotify>
        <command>firefox</command>
      </action>
    </keybind>
    <!-- File Explorer -->
    <keybind key="W-e">
      <action name="Execute">
        <startupnotify>
          <enabled>true</enabled>
          <name>File Explorer</name>
        </startupnotify>
        <command>pcmanfm</command>
      </action>
    </keybind>
    <!-- Redshift -->
    <keybind key="W-r">
      <action name="Execute">
        <startupnotify>
          <enabled>true</enabled>
          <name>Redshift</name>
        </startupnotify>
        <command>redshift -O 2400</command>
      </action>
    </keybind>
    <keybind key="W-S-r">
      <action name="Execute">
        <startupnotify>
          <enabled>true</enabled>
          <name>Redshift Off</name>
        </startupnotify>
        <command>redshift -x</command>
      </action>
    </keybind>
    <!-- Terminal  -->
    <keybind key="W-Return">
      <action name="Execute">
        <startupnotify>
          <enabled>true</enabled>
          <name>Terminal</name>
        </startupnotify>
        <command>alacritty</command>
      </action>
    </keybind>
    <!-- Scrot -->
    <keybind key="W-s">
      <action name="Execute">
        <startupnotify>
          <enabled>true</enabled>
          <name>Scrot</name>
        </startupnotify>
        <command>scrot</command>
      </action>
    </keybind>
    <!-- Hardware -->
    <keybind key="XF86AudioLowerVolume">
      <action name="Execute">
        <startupnotify>
          <enabled>true</enabled>
          <name>Vol Low</name>
        </startupnotify>
        <command>pactl set-sink-volume @DEFAULT_SINK@ -5%</command>
      </action>
    </keybind>
    <keybind key="XF86AudioRaiseVolume">
      <action name="Execute">
        <startupnotify>
          <enabled>true</enabled>
          <name>Vol Low</name>
        </startupnotify>
        <command>pactl set-sink-volume @DEFAULT_SINK@ +5%</command>
      </action>
    </keybind>
    <keybind key="XF86AudioMute">
      <action name="Execute">
        <startupnotify>
          <enabled>true</enabled>
          <name>Vol Low</name>
        </startupnotify>
        <command>pactl set-sink-mute @DEFAULT_SINK@ toggle</command>
      </action>
    </keybind>
    <keybind key="XF86MonBrightnessUp">
      <action name="Execute">
        <startupnotify>
          <enabled>true</enabled>
          <name>Vol Low</name>
        </startupnotify>
        <command>brightnessctl set +10%</command>
      </action>
    </keybind>
    <keybind key="XF86MonBrightnessDown">
      <action name="Execute">
        <startupnotify>
          <enabled>true</enabled>
          <name>Vol Low</name>
        </startupnotify>
        <command>brightnessctl set 10%-</command>
      </action>
    </keybind>

    <keybind key="W-C-r">
      <action name="Execute">
        <startupnotify>
          <enabled>true</enabled>
          <name>Restart</name>
        </startupnotify>
        <command>openbox --restart</command>
      </action>
    </keybind>
  </keyboard>

  <mouse>
    <dragThreshold>4</dragThreshold>
    <doubleClickTime>500</doubleClickTime>
    <screenEdgeWarpTime>400</screenEdgeWarpTime>
    <screenEdgeWarpMouse>false</screenEdgeWarpMouse>
    <context name="Frame">
      <mousebind button="W-Left" action="Drag">
        <action name="Move"/>
      </mousebind>
      <mousebind button="W-Right" action="Drag">
        <action name="Resize"/>
      </mousebind>
    </context>
    <context name="Titlebar">
      <mousebind button="Left" action="Drag">
        <action name="Move"/>
      </mousebind>
      <mousebind button="Left" action="DoubleClick">
        <action name="ToggleMaximize"/>
      </mousebind>
      <mousebind button="Up" action="Click">
        <action name="if">
          <shaded>no</shaded>
          <then>
            <action name="Shade"/>
            <action name="FocusToBottom"/>
            <action name="Unfocus"/>
            <action name="Lower"/>
          </then>
        </action>
      </mousebind>
      <mousebind button="Down" action="Click">
        <action name="if">
          <shaded>yes</shaded>
          <then>
            <action name="Unshade"/>
            <action name="Raise"/>
          </then>
        </action>
      </mousebind>
    </context>
    <context name="Titlebar Top Right Bottom Left TLCorner TRCorner BRCorner BLCorner">
      <mousebind button="Left" action="Press">
        <action name="Focus"/>
        <action name="Raise"/>
        <action name="Unshade"/>
      </mousebind>
      <mousebind button="Middle" action="Press">
        <action name="Lower"/>
        <action name="FocusToBottom"/>
        <action name="Unfocus"/>
      </mousebind>
      <mousebind button="Right" action="Press">
        <action name="Focus"/>
        <action name="Raise"/>
        <action name="ShowMenu">
          <menu>client-menu</menu>
        </action>
      </mousebind>
    </context>
    <context name="Top">
      <mousebind button="Left" action="Drag">
        <action name="Resize">
          <edge>top</edge>
        </action>
      </mousebind>
    </context>
    <context name="Left">
      <mousebind button="Left" action="Drag">
        <action name="Resize">
          <edge>left</edge>
        </action>
      </mousebind>
    </context>
    <context name="Right">
      <mousebind button="Left" action="Drag">
        <action name="Resize">
          <edge>right</edge>
        </action>
      </mousebind>
    </context>
    <context name="Bottom">
      <mousebind button="Left" action="Drag">
        <action name="Resize">
          <edge>bottom</edge>
        </action>
      </mousebind>
      <mousebind button="Right" action="Press">
        <action name="Focus"/>
        <action name="Raise"/>
        <action name="ShowMenu">
          <menu>client-menu</menu>
        </action>
      </mousebind>
    </context>
    <context name="TRCorner BRCorner TLCorner BLCorner">
      <mousebind button="Left" action="Press">
        <action name="Focus"/>
        <action name="Raise"/>
        <action name="Unshade"/>
      </mousebind>
      <mousebind button="Left" action="Drag">
        <action name="Resize"/>
      </mousebind>
    </context>
    <context name="Client">
      <mousebind button="Left" action="Press">
        <action name="Focus"/>
        <action name="Raise"/>
      </mousebind>
      <mousebind button="Middle" action="Press">
        <action name="Focus"/>
        <action name="Raise"/>
      </mousebind>
      <mousebind button="Right" action="Press">
        <action name="Focus"/>
        <action name="Raise"/>
      </mousebind>
    </context>
    <context name="Icon">
      <mousebind button="Left" action="Press">
        <action name="Focus"/>
        <action name="Raise"/>
        <action name="Unshade"/>
        <action name="ShowMenu">
          <menu>client-menu</menu>
        </action>
      </mousebind>
      <mousebind button="Right" action="Press">
        <action name="Focus"/>
        <action name="Raise"/>
        <action name="ShowMenu">
          <menu>client-menu</menu>
        </action>
      </mousebind>
    </context>
    <context name="AllDesktops">
      <mousebind button="Left" action="Press">
        <action name="Focus"/>
        <action name="Raise"/>
        <action name="Unshade"/>
      </mousebind>
      <mousebind button="Left" action="Click">
        <action name="ToggleOmnipresent"/>
      </mousebind>
    </context>
    <context name="Shade">
      <mousebind button="Left" action="Press">
        <action name="Focus"/>
        <action name="Raise"/>
      </mousebind>
      <mousebind button="Left" action="Click">
        <action name="ToggleShade"/>
      </mousebind>
    </context>
    <context name="Iconify">
      <mousebind button="Left" action="Press">
        <action name="Focus"/>
        <action name="Raise"/>
      </mousebind>
      <mousebind button="Left" action="Click">
        <action name="Iconify"/>
      </mousebind>
    </context>
    <context name="Maximize">
      <mousebind button="Left" action="Press">
        <action name="Focus"/>
        <action name="Raise"/>
        <action name="Unshade"/>
      </mousebind>
      <mousebind button="Middle" action="Press">
        <action name="Focus"/>
        <action name="Raise"/>
        <action name="Unshade"/>
      </mousebind>
      <mousebind button="Right" action="Press">
        <action name="Focus"/>
        <action name="Raise"/>
        <action name="Unshade"/>
      </mousebind>
      <mousebind button="Left" action="Click">
        <action name="ToggleMaximize"/>
      </mousebind>
      <mousebind button="Middle" action="Click">
        <action name="ToggleMaximize">
          <direction>vertical</direction>
        </action>
      </mousebind>
      <mousebind button="Right" action="Click">
        <action name="ToggleMaximize">
          <direction>horizontal</direction>
        </action>
      </mousebind>
    </context>
    <context name="Close">
      <mousebind button="Left" action="Press">
        <action name="Focus"/>
        <action name="Raise"/>
        <action name="Unshade"/>
      </mousebind>
      <mousebind button="Left" action="Click">
        <action name="Close"/>
      </mousebind>
    </context>
    <context name="Desktop">
      <mousebind button="Up" action="Click">
        <action name="GoToDesktop">
          <to>previous</to>
        </action>
      </mousebind>
      <mousebind button="Down" action="Click">
        <action name="GoToDesktop">
          <to>next</to>
        </action>
      </mousebind>
      <mousebind button="A-Up" action="Click">
        <action name="GoToDesktop">
          <to>previous</to>
        </action>
      </mousebind>
      <mousebind button="A-Down" action="Click">
        <action name="GoToDesktop">
          <to>next</to>
        </action>
      </mousebind>
      <mousebind button="C-A-Up" action="Click">
        <action name="GoToDesktop">
          <to>previous</to>
        </action>
      </mousebind>
      <mousebind button="C-A-Down" action="Click">
        <action name="GoToDesktop">
          <to>next</to>
        </action>
      </mousebind>
      <mousebind button="Left" action="Press">
        <action name="Focus"/>
        <action name="Raise"/>
      </mousebind>
      <mousebind button="Right" action="Press">
        <action name="Focus"/>
        <action name="Raise"/>
      </mousebind>
    </context>
    <context name="Root">
      <!-- Menus -->
      <mousebind button="Middle" action="Press">
        <action name="ShowMenu">
          <menu>client-list-combined-menu</menu>
        </action>
      </mousebind>
      <mousebind button="Right" action="Press">
        <action name="ShowMenu">
          <menu>root-menu</menu>
        </action>
      </mousebind>
    </context>
    <context name="MoveResize">
      <mousebind button="Up" action="Click">
        <action name="GoToDesktop">
          <to>previous</to>
        </action>
      </mousebind>
      <mousebind button="Down" action="Click">
        <action name="GoToDesktop">
          <to>next</to>
        </action>
      </mousebind>
      <mousebind button="A-Up" action="Click">
        <action name="GoToDesktop">
          <to>previous</to>
        </action>
      </mousebind>
      <mousebind button="A-Down" action="Click">
        <action name="GoToDesktop">
          <to>next</to>
        </action>
      </mousebind>
    </context>
  </mouse>

  <menu>
    <file>menu.xml</file>
    <hideDelay>200</hideDelay>
    <middle>no</middle>
    <submenuShowDelay>100</submenuShowDelay>
    <submenuHideDelay>400</submenuHideDelay>
    <showIcons>yes</showIcons>
    <manageDesktops>yes</manageDesktops>
  </menu>

  <applications>
  </applications>
</openbox_config>
